last_name, first_name,player_id,year,pa,bip,ba,est_ba,est_ba_minus_ba_diff,slg,est_slg,est_slg_minus_slg_diff,woba,est_woba,est_woba_minus_woba_diff,era,xera,era_minus_xera_diff
Gonzales, Marco,594835,2021,247,175,.278,.312,-0.034,.583,.633,-0.050,.388,.420,-0.032,5.88,8.00,-2.12
Garcia, Bryan,650530,2021,155,105,.275,.291,-0.016,.511,.592,-0.081,.383,.414,-0.031,7.31,7.71,-0.40
Dobnak, Randy,677976,2021,200,161,.324,.332,-0.008,.584,.585,-0.001,.401,.408,-0.007,7.83,7.43,0.40
Sheffield, Justus,656954,2021,349,250,.316,.307,0.009,.520,.551,-0.031,.390,.400,-0.010,6.48,7.07,-0.59
Anderson, Brett,474463,2021,227,178,.280,.319,-0.039,.454,.539,-0.085,.341,.394,-0.053,4.33,6.80,-2.47
Keller, Brad,641745,2021,447,310,.309,.303,0.006,.478,.516,-0.038,.373,.388,-0.015,5.97,6.55,-0.58
Junis, Jakob,596001,2021,149,103,.287,.303,-0.016,.471,.555,-0.084,.346,.383,-0.037,5.19,6.35,-1.16
Hentges, Sam,656529,2021,209,140,.343,.276,0.067,.541,.525,0.016,.412,.383,0.029,8.23,6.35,1.88
González, Chi Chi,592346,2021,346,275,.297,.310,-0.013,.502,.544,-0.042,.362,.382,-0.020,5.51,6.31,-0.80
Santana, Ervin,429722,2021,167,123,.248,.271,-0.023,.490,.571,-0.081,.342,.381,-0.039,5.67,6.27,-0.60
Arrieta, Jake,453562,2021,347,241,.284,.285,-0.001,.515,.521,-0.006,.373,.379,-0.006,6.30,6.19,0.11
Wacha, Michael,608379,2021,241,173,.273,.297,-0.024,.468,.538,-0.070,.341,.378,-0.037,4.87,6.15,-1.28
Shoemaker, Matt,533167,2021,284,213,.297,.287,0.010,.537,.532,0.005,.381,.377,0.004,8.06,6.11,1.95
Gant, John,607231,2021,323,213,.232,.284,-0.052,.350,.442,-0.092,.324,.376,-0.052,3.52,6.07,-2.55
Zimmermann, Bruce,669145,2021,262,187,.287,.292,-0.005,.481,.532,-0.051,.356,.376,-0.020,4.83,6.07,-1.24
Moore, Matt,519043,2021,147,105,.282,.268,0.014,.524,.531,-0.007,.381,.376,0.005,5.40,6.07,-0.67
Richards, Garrett,572070,2021,420,299,.301,.300,0.001,.474,.483,-0.009,.370,.375,-0.005,4.91,6.03,-1.12
Ureña, José,570632,2021,357,266,.295,.290,0.005,.495,.489,0.006,.376,.374,0.002,6.43,5.99,0.44
Davies, Zach,605200,2021,405,293,.249,.288,-0.039,.394,.462,-0.068,.330,.373,-0.043,4.37,5.96,-1.59
Thornton, Trent,663423,2021,166,108,.272,.272,0.000,.537,.512,0.025,.374,.373,0.001,4.78,5.96,-1.18
Oviedo, Johan,670912,2021,244,170,.255,.282,-0.027,.423,.482,-0.059,.343,.373,-0.030,5.09,5.96,-0.87
Bubic, Kris,663460,2021,251,171,.274,.267,0.007,.516,.508,0.008,.379,.373,0.006,5.40,5.96,-0.56
Kremer, Dean,665152,2021,225,155,.284,.274,0.010,.548,.521,0.027,.385,.373,0.012,7.25,5.96,1.29
Plutko, Adam,592644,2021,208,145,.267,.280,-0.013,.494,.519,-0.025,.359,.371,-0.012,4.72,5.88,-1.16
Holland, Greg,518813,2021,157,102,.245,.271,-0.026,.460,.527,-0.067,.339,.371,-0.032,4.89,5.88,-0.99
Harvey, Matt,518774,2021,366,277,.322,.304,0.018,.519,.507,0.012,.382,.370,0.012,7.70,5.84,1.86
De Jong, Chase,608328,2021,172,121,.275,.269,0.006,.536,.537,-0.001,.374,.369,0.005,5.59,5.80,-0.21
Andriese, Matt,542882,2021,177,125,.344,.307,0.037,.550,.504,0.046,.402,.369,0.033,6.03,5.80,0.23
Martínez, Carlos,593372,2021,363,259,.246,.280,-0.034,.390,.473,-0.083,.323,.369,-0.046,6.23,5.80,0.43
Colomé, Alex,517008,2021,149,102,.279,.275,0.004,.442,.512,-0.070,.342,.368,-0.026,4.83,5.77,-0.94
Keuchel, Dallas,572971,2021,418,326,.268,.305,-0.037,.424,.489,-0.065,.327,.367,-0.040,4.25,5.73,-1.48
Stephan, Trevor,663986,2021,151,90,.244,.249,-0.005,.489,.509,-0.020,.360,.367,-0.007,4.36,5.73,-1.37
Peterson, David,656849,2021,287,184,.255,.280,-0.025,.454,.487,-0.033,.348,.367,-0.019,5.54,5.73,-0.19
Akin, Keegan,669211,2021,205,144,.317,.283,0.034,.516,.507,0.009,.380,.367,0.013,7.54,5.73,1.81
Keller, Mitch,656605,2021,228,145,.290,.282,0.008,.497,.456,0.041,.381,.366,0.015,7.04,5.69,1.35
Happ, J.A.,457918,2021,363,268,.291,.279,0.012,.538,.528,0.010,.374,.365,0.009,5.90,5.66,0.24
Crowe, Wil,640444,2021,252,172,.281,.270,0.011,.507,.490,0.017,.375,.364,0.011,6.05,5.62,0.43
Anderson, Chase,502624,2021,176,127,.286,.269,0.017,.526,.495,0.031,.379,.364,0.015,7.34,5.62,1.72
Quantrill, Cal,615698,2021,268,201,.273,.300,-0.027,.420,.484,-0.064,.329,.363,-0.034,4.23,5.58,-1.35
Young, Alex,622065,2021,193,134,.298,.279,0.019,.542,.493,0.049,.384,.363,0.021,6.26,5.58,0.68
Hoffman, Jeff,656546,2021,188,120,.244,.270,-0.026,.391,.450,-0.059,.331,.362,-0.031,4.61,5.55,-0.94
Corbin, Patrick,571578,2021,404,297,.275,.290,-0.015,.473,.500,-0.027,.346,.362,-0.016,5.40,5.55,-0.15
Tomlin, Josh,458708,2021,159,126,.320,.303,0.017,.536,.515,0.021,.376,.359,0.017,5.94,5.44,0.50
Freeland, Kyle,607536,2021,193,140,.314,.265,0.049,.538,.483,0.055,.397,.358,0.039,5.48,5.41,0.07
Snell, Blake,605483,2021,319,180,.239,.253,-0.014,.419,.466,-0.047,.338,.357,-0.019,4.99,5.37,-0.38
López, Jorge,605347,2021,385,260,.295,.282,0.013,.475,.457,0.018,.368,.357,0.011,5.95,5.37,0.58
Vest, Will,676684,2021,156,108,.288,.290,-0.002,.432,.426,0.006,.357,.356,0.001,6.17,5.33,0.84
Smith, Riley,642092,2021,293,238,.310,.293,0.017,.528,.501,0.027,.373,.356,0.017,6.20,5.33,0.87
Weaver, Luke,596133,2021,167,115,.233,.273,-0.040,.460,.496,-0.036,.318,.354,-0.036,4.50,5.27,-0.77
Pérez, Martín,527048,2021,373,268,.287,.277,0.010,.437,.457,-0.020,.345,.353,-0.008,4.04,5.23,-1.19
Skubal, Tarik,669373,2021,388,240,.246,.257,-0.011,.466,.481,-0.015,.343,.351,-0.008,4.36,5.16,-0.80
Castro, Miguel,612434,2021,156,90,.202,.226,-0.024,.364,.432,-0.068,.319,.350,-0.031,3.86,5.13,-1.27
Weathers, Ryan,677960,2021,235,173,.231,.281,-0.050,.396,.472,-0.076,.301,.349,-0.048,2.91,5.09,-2.18
Mize, Casey,663554,2021,387,274,.235,.264,-0.029,.404,.474,-0.070,.311,.348,-0.037,3.59,5.06,-1.47
Lyles, Jordan,543475,2021,418,309,.287,.278,0.009,.476,.474,0.002,.351,.348,0.003,4.86,5.06,-0.20
Foltynewicz, Mike,592314,2021,423,324,.270,.268,0.002,.524,.504,0.020,.356,.348,0.008,5.11,5.06,0.05
Robles, Hansel,570663,2021,164,102,.221,.247,-0.026,.379,.435,-0.056,.317,.347,-0.030,4.15,5.03,-0.88
Norris, Daniel,596057,2021,140,90,.306,.270,0.036,.460,.445,0.015,.368,.347,0.021,6.89,5.03,1.86
Lester, Jon,452657,2021,297,226,.313,.268,0.045,.519,.459,0.060,.380,.346,0.034,5.54,4.99,0.55
Sawamura, Hirokazu,617228,2021,155,93,.200,.245,-0.045,.415,.474,-0.059,.302,.345,-0.043,2.45,4.96,-2.51
Pineda, Michael,501381,2021,256,186,.257,.276,-0.019,.468,.492,-0.024,.327,.345,-0.018,4.11,4.96,-0.85
Hearn, Taylor,621368,2021,190,118,.258,.254,0.004,.448,.447,0.001,.345,.345,0.000,4.89,4.96,-0.07
Quintana, José,500779,2021,193,107,.288,.244,0.044,.485,.423,0.062,.378,.345,0.033,7.32,4.96,2.36
de Geus, Brett,676969,2021,150,102,.287,.265,0.022,.442,.410,0.032,.359,.344,0.015,7.29,4.93,2.36
Thompson, Keegan,624522,2021,140,89,.210,.248,-0.038,.345,.427,-0.082,.291,.343,-0.052,1.64,4.90,-3.26
Ynoa, Huascar,660623,2021,179,117,.216,.267,-0.051,.401,.481,-0.080,.290,.342,-0.052,3.02,4.86,-1.84
Alzolay, Adbert,640470,2021,315,208,.217,.251,-0.034,.451,.484,-0.033,.314,.342,-0.028,4.66,4.86,-0.20
Voth, Austin,608723,2021,158,103,.214,.260,-0.046,.364,.462,-0.098,.287,.341,-0.054,3.35,4.83,-1.48
Helsley, Ryan,664854,2021,158,103,.218,.247,-0.029,.338,.426,-0.088,.296,.341,-0.045,4.71,4.83,-0.12
Fedde, Erick,607200,2021,278,189,.244,.269,-0.025,.401,.451,-0.050,.311,.340,-0.029,4.59,4.80,-0.21
Luzardo, Jesús,666200,2021,173,117,.297,.244,0.053,.555,.474,0.081,.389,.340,0.049,6.87,4.80,2.07
Strickland, Hunter,519326,2021,143,97,.244,.246,-0.002,.402,.458,-0.056,.319,.339,-0.020,2.67,4.77,-2.10
Diekman, Jake,518617,2021,152,85,.215,.235,-0.020,.400,.426,-0.026,.316,.339,-0.023,3.34,4.77,-1.43
Hendricks, Kyle,543294,2021,445,340,.266,.280,-0.014,.465,.474,-0.009,.331,.339,-0.008,3.77,4.77,-1.00
Gutierrez, Vladimir,661269,2021,218,157,.238,.249,-0.011,.429,.453,-0.024,.328,.339,-0.011,4.29,4.77,-0.48
Cahill, Trevor,502239,2021,166,119,.286,.271,0.015,.422,.448,-0.026,.334,.339,-0.005,6.57,4.77,1.80
Dunn, Justin,643290,2021,218,136,.201,.229,-0.028,.332,.425,-0.093,.297,.338,-0.041,3.75,4.74,-0.99
King, Michael,650633,2021,214,142,.247,.256,-0.009,.382,.422,-0.040,.315,.337,-0.022,3.72,4.70,-0.98
Smith, Caleb,592761,2021,315,190,.222,.237,-0.015,.407,.435,-0.028,.322,.337,-0.015,4.54,4.70,-0.16
Williams, Trevor,592866,2021,217,141,.292,.261,0.031,.500,.435,0.065,.371,.337,0.034,5.51,4.70,0.81
Stroman, Marcus,573186,2021,400,289,.233,.277,-0.044,.337,.449,-0.112,.274,.336,-0.062,2.75,4.67,-1.92
Smyly, Drew,592767,2021,338,240,.256,.257,-0.001,.466,.464,0.002,.335,.336,-0.001,4.48,4.67,-0.19
Bundy, Dylan,605164,2021,302,210,.270,.252,0.018,.522,.463,0.059,.363,.336,0.027,6.68,4.67,2.01
Brentz, Jake,641394,2021,169,96,.169,.224,-0.055,.301,.391,-0.090,.276,.335,-0.059,2.95,4.64,-1.69
Cueto, Johnny,456501,2021,331,248,.289,.282,0.007,.480,.457,0.023,.346,.335,0.011,4.15,4.64,-0.49
Stanek, Ryne,592773,2021,165,92,.188,.211,-0.023,.362,.434,-0.072,.304,.334,-0.030,3.99,4.61,-0.62
Underwood Jr., Duane,621249,2021,221,152,.276,.269,0.007,.418,.418,0.000,.333,.334,-0.001,4.86,4.61,0.25
Velasquez, Vince,592826,2021,315,196,.234,.232,0.002,.473,.437,0.036,.348,.334,0.014,5.35,4.61,0.74
Flaherty, Jack,656427,2021,255,162,.196,.246,-0.050,.333,.443,-0.110,.270,.333,-0.063,2.90,4.58,-1.68
García, Yimi,554340,2021,143,96,.236,.252,-0.016,.417,.498,-0.081,.295,.332,-0.037,3.44,4.55,-1.11
Peacock, Matt,676840,2021,270,213,.308,.277,0.031,.506,.448,0.058,.366,.332,0.034,5.31,4.55,0.76
Pop, Zach,647315,2021,140,88,.242,.243,-0.001,.367,.397,-0.030,.321,.331,-0.010,5.81,4.52,1.29
Houser, Adrian,605288,2021,371,258,.253,.256,-0.003,.398,.410,-0.012,.323,.330,-0.007,3.74,4.49,-0.75
McKenzie, Triston,663474,2021,212,104,.170,.204,-0.034,.339,.384,-0.045,.304,.330,-0.026,5.47,4.49,0.98
Espino, Paolo,502179,2021,175,138,.221,.271,-0.050,.356,.478,-0.122,.261,.329,-0.068,2.89,4.46,-1.57
Irvin, Cole,608344,2021,443,337,.257,.270,-0.013,.379,.444,-0.065,.298,.329,-0.031,3.65,4.46,-0.81
Fried, Max,608331,2021,316,214,.270,.260,0.010,.427,.427,0.000,.333,.329,0.004,4.71,4.46,0.25
Canning, Griffin,656288,2021,277,186,.264,.248,0.016,.500,.432,0.068,.359,.329,0.030,5.60,4.46,1.14
Anderson, Tyler,542881,2021,405,300,.249,.264,-0.015,.427,.450,-0.023,.310,.328,-0.018,4.35,4.43,-0.08
Heuer, Codi,676051,2021,151,107,.307,.285,0.022,.464,.439,0.025,.347,.328,0.019,4.84,4.43,0.41
Minor, Mike,501985,2021,452,312,.258,.247,0.011,.452,.455,-0.003,.333,.328,0.005,5.67,4.43,1.24
Senzatela, Antonio,622608,2021,414,320,.293,.276,0.017,.449,.418,0.031,.342,.327,0.015,4.58,4.40,0.18
Hill, Rich,448179,2021,369,240,.214,.239,-0.025,.390,.426,-0.036,.304,.326,-0.022,3.74,4.37,-0.63
Kay, Anthony,641743,2021,144,88,.262,.240,0.022,.460,.401,0.059,.355,.326,0.029,4.45,4.37,0.08
Kelly, Merrill,518876,2021,458,336,.261,.274,-0.013,.431,.438,-0.007,.316,.326,-0.010,4.46,4.37,0.09
Chacín, Jhoulys,468504,2021,151,108,.248,.246,0.002,.459,.412,0.047,.338,.326,0.012,4.72,4.37,0.35
Ober, Bailey,641927,2021,142,93,.264,.244,0.020,.527,.447,0.080,.361,.326,0.035,5.45,4.37,1.08
Civale, Aaron,650644,2021,384,282,.229,.262,-0.033,.415,.442,-0.027,.299,.325,-0.026,3.32,4.34,-1.02
Staumont, Josh,622251,2021,150,91,.215,.230,-0.015,.362,.416,-0.054,.303,.325,-0.022,3.63,4.34,-0.71
Stripling, Ross,548389,2021,315,212,.240,.239,0.001,.460,.452,0.008,.326,.325,0.001,4.34,4.34,0.00
Alvarado, José,621237,2021,156,77,.220,.205,0.015,.350,.336,0.014,.335,.325,0.010,4.54,4.34,0.20
Kuhl, Chad,641771,2021,223,146,.230,.233,-0.003,.393,.367,0.026,.329,.325,0.004,4.73,4.34,0.39
Mills, Alec,621219,2021,211,150,.275,.268,0.007,.413,.397,0.016,.334,.325,0.009,4.84,4.34,0.50
Clay, Sam,621348,2021,143,106,.299,.272,0.027,.386,.402,-0.016,.332,.325,0.007,5.04,4.34,0.70
Heaney, Andrew,571760,2021,330,208,.259,.245,0.014,.432,.454,-0.022,.325,.325,0.000,5.38,4.34,1.04
Kikuchi, Yusei,579328,2021,392,259,.204,.247,-0.043,.370,.432,-0.062,.284,.324,-0.040,3.48,4.31,-0.83
Brubaker, JT,664141,2021,372,258,.243,.252,-0.009,.452,.448,0.004,.323,.323,-0.000,4.47,4.28,0.19
Hand, Brad,543272,2021,151,99,.197,.247,-0.050,.333,.426,-0.093,.266,.322,-0.056,2.43,4.25,-1.82
Montas, Frankie,593423,2021,434,296,.258,.249,0.009,.425,.447,-0.022,.319,.322,-0.003,4.41,4.25,0.16
Germán, Domingo,593334,2021,342,246,.250,.250,0.000,.453,.451,0.002,.321,.322,-0.001,4.44,4.25,0.19
Bard, Daniel,453268,2021,175,103,.272,.237,0.035,.470,.380,0.090,.365,.321,0.044,4.06,4.22,-0.16
Bass, Anthony,542914,2021,145,94,.220,.239,-0.019,.407,.427,-0.020,.300,.321,-0.021,4.15,4.22,-0.07
Paddack, Chris,663978,2021,335,235,.277,.260,0.017,.460,.450,0.010,.334,.321,0.013,5.38,4.22,1.16
Javier, Cristian,664299,2021,289,162,.165,.213,-0.048,.325,.424,-0.099,.268,.320,-0.052,3.00,4.19,-1.19
Odorizzi, Jake,543606,2021,186,130,.205,.249,-0.044,.351,.450,-0.099,.264,.320,-0.056,3.61,4.19,-0.58
Doolittle, Sean,448281,2021,141,92,.281,.233,0.048,.504,.443,0.061,.362,.320,0.042,4.11,4.19,-0.08
Ross, Joe,605452,2021,369,243,.234,.245,-0.011,.407,.424,-0.017,.309,.319,-0.010,4.02,4.16,-0.14
Thielbar, Caleb,573204,2021,141,84,.258,.236,0.022,.445,.453,-0.008,.325,.319,0.006,4.59,4.16,0.43
Ryu, Hyun Jin,547943,2021,402,298,.245,.261,-0.016,.419,.431,-0.012,.304,.318,-0.014,3.56,4.13,-0.57
Fulmer, Michael,605242,2021,174,118,.256,.257,-0.001,.394,.412,-0.018,.313,.318,-0.005,4.05,4.13,-0.08
Bielak, Brandon,656232,2021,146,106,.275,.264,0.011,.427,.413,0.014,.329,.318,0.011,5.51,4.13,1.38
Melancon, Mark,453343,2021,160,113,.211,.258,-0.047,.317,.394,-0.077,.262,.317,-0.055,2.04,4.10,-2.06
Cisnero, José,542585,2021,162,99,.225,.241,-0.016,.331,.419,-0.088,.282,.317,-0.035,3.03,4.10,-1.07
Anderson, Ian,666120,2021,403,265,.226,.243,-0.017,.352,.407,-0.055,.290,.317,-0.027,3.56,4.10,-0.54
Dunning, Dane,641540,2021,342,226,.277,.252,0.025,.403,.401,0.002,.329,.317,0.012,4.22,4.10,0.12
Montgomery, Jordan,656756,2021,388,263,.244,.247,-0.003,.381,.431,-0.050,.297,.316,-0.019,4.16,4.08,0.08
Ruiz, José,614179,2021,147,99,.205,.237,-0.032,.356,.414,-0.058,.277,.315,-0.038,3.09,4.05,-0.96
Kinley, Tyler,641755,2021,157,104,.215,.224,-0.009,.467,.419,0.048,.328,.315,0.013,4.62,4.05,0.57
Bumgarner, Madison,518516,2021,258,172,.248,.232,0.016,.465,.433,0.032,.334,.315,0.019,5.73,4.05,1.68
Lauer, Eric,641778,2021,242,164,.233,.241,-0.008,.395,.404,-0.009,.309,.314,-0.005,3.83,4.02,-0.19
Castillo, Luis,622491,2021,449,304,.254,.250,0.004,.384,.374,0.010,.318,.314,0.004,4.65,4.02,0.63
Duffy, Danny,518633,2021,238,155,.230,.241,-0.011,.369,.419,-0.050,.292,.313,-0.021,2.53,3.99,-1.46
Cessa, Luis,570666,2021,152,107,.230,.252,-0.022,.319,.383,-0.064,.279,.313,-0.034,3.00,3.99,-0.99
Boyd, Matthew,571510,2021,298,217,.245,.246,-0.001,.368,.412,-0.044,.297,.313,-0.016,3.44,3.99,-0.55
Berríos, José,621244,2021,440,289,.221,.241,-0.020,.362,.405,-0.043,.284,.313,-0.029,3.48,3.99,-0.51
Wainwright, Adam,425794,2021,438,301,.229,.252,-0.023,.370,.404,-0.034,.291,.313,-0.022,3.58,3.99,-0.41
Greinke, Zack,425844,2021,459,350,.246,.260,-0.014,.401,.424,-0.023,.296,.313,-0.017,3.59,3.99,-0.40
Taillon, Jameson,592791,2021,353,238,.252,.235,0.017,.455,.425,0.030,.331,.313,0.018,4.90,3.99,0.91
Duffey, Tyler,608648,2021,143,91,.205,.236,-0.031,.295,.355,-0.060,.277,.312,-0.035,3.38,3.96,-0.58
Maeda, Kenta,628317,2021,296,198,.270,.243,0.027,.446,.414,0.032,.337,.312,0.025,4.66,3.96,0.70
Kaprielian, James,621076,2021,252,160,.200,.224,-0.024,.391,.404,-0.013,.294,.311,-0.017,2.90,3.94,-1.04
Cease, Dylan,656302,2021,397,234,.226,.222,0.004,.359,.387,-0.028,.299,.311,-0.012,4.11,3.94,0.17
Stratton, Chris,608717,2021,192,132,.234,.248,-0.014,.345,.390,-0.045,.286,.310,-0.024,2.89,3.91,-1.02
Manaea, Sean,640455,2021,432,298,.248,.250,-0.002,.381,.418,-0.037,.294,.310,-0.016,3.19,3.91,-0.72
Cabrera, Génesis,650893,2021,182,107,.228,.209,0.019,.342,.361,-0.019,.312,.310,0.002,3.95,3.91,0.04
Pivetta, Nick,601713,2021,407,247,.221,.219,0.002,.412,.402,0.010,.315,.310,0.005,4.30,3.91,0.39
Kim, Kwang Hyun,547942,2021,307,220,.238,.245,-0.007,.350,.389,-0.039,.292,.309,-0.017,3.11,3.88,-0.77
Flexen, Chris,623167,2021,373,290,.267,.253,0.014,.399,.419,-0.020,.303,.309,-0.006,3.51,3.88,-0.37
Plesac, Zach,668676,2021,252,196,.224,.241,-0.017,.409,.452,-0.043,.286,.309,-0.023,4.31,3.88,0.43
Walker, Taijuan,592836,2021,357,235,.196,.239,-0.043,.290,.392,-0.102,.253,.308,-0.055,2.50,3.85,-1.35
Fleming, Josh,676596,2021,275,214,.213,.256,-0.043,.331,.397,-0.066,.263,.308,-0.045,3.26,3.85,-0.59
Lamet, Dinelson,659275,2021,149,99,.274,.236,0.038,.422,.412,0.010,.328,.308,0.020,3.67,3.85,-0.18
McClanahan, Shane,663556,2021,252,160,.238,.238,0.000,.411,.401,0.010,.311,.308,0.003,4.05,3.85,0.20
Matz, Steven,571927,2021,334,226,.273,.248,0.025,.448,.397,0.051,.337,.308,0.029,4.72,3.85,0.87
Suarez, José,660761,2021,145,97,.209,.237,-0.028,.357,.375,-0.018,.286,.307,-0.021,2.29,3.83,-1.54
Morton, Charlie,450203,2021,412,253,.211,.237,-0.026,.303,.367,-0.064,.272,.307,-0.035,3.64,3.83,-0.19
Scott, Tanner,656945,2021,156,79,.181,.208,-0.027,.252,.318,-0.066,.270,.306,-0.036,2.78,3.80,-1.02
Mayers, Mike,594577,2021,189,110,.260,.216,0.044,.473,.400,0.073,.351,.306,0.045,4.64,3.80,0.84
Alexander, Tyler,641302,2021,175,128,.270,.242,0.028,.436,.402,0.034,.324,.305,0.019,4.31,3.77,0.54
Guerra, Junior,448855,2021,182,119,.213,.213,0.000,.320,.314,0.006,.305,.305,-0.000,4.87,3.77,1.10
Trivino, Lou,642152,2021,176,113,.197,.222,-0.025,.283,.373,-0.090,.262,.304,-0.042,1.84,3.75,-1.91
Pagán, Emilio,641941,2021,153,95,.201,.211,-0.010,.388,.419,-0.031,.289,.304,-0.015,3.11,3.75,-0.64
Wood, Alex,622072,2021,344,222,.224,.231,-0.007,.360,.379,-0.019,.293,.304,-0.011,3.67,3.75,-0.08
Wells, Tyler,669330,2021,164,101,.203,.229,-0.026,.399,.435,-0.036,.280,.304,-0.024,4.10,3.75,0.35
Singer, Brady,663903,2021,390,254,.266,.231,0.035,.398,.361,0.037,.329,.304,0.025,4.52,3.75,0.77
Means, John,607644,2021,268,185,.182,.230,-0.048,.344,.439,-0.095,.247,.303,-0.056,2.28,3.72,-1.44
Price, David,456034,2021,144,99,.328,.260,0.068,.461,.371,0.090,.366,.303,0.063,3.23,3.72,-0.49
Ohtani, Shohei,660271,2021,283,155,.195,.206,-0.011,.318,.338,-0.020,.285,.303,-0.018,3.49,3.72,-0.23
Gallen, Zac,668678,2021,183,110,.229,.221,0.008,.382,.354,0.028,.314,.303,0.011,4.17,3.72,0.45
Yarbrough, Ryan,642232,2021,402,299,.259,.252,0.007,.444,.403,0.041,.321,.303,0.018,4.30,3.72,0.58
Nola, Aaron,605400,2021,427,272,.254,.241,0.013,.424,.411,0.013,.314,.303,0.011,4.53,3.72,0.81
Tate, Dillon,622253,2021,156,106,.230,.223,0.007,.378,.363,0.015,.306,.303,0.003,4.62,3.72,0.90
Urías, Julio,628711,2021,429,284,.230,.244,-0.014,.389,.418,-0.029,.286,.302,-0.016,3.64,3.69,-0.05
Martin, Brett,656685,2021,150,112,.259,.263,-0.004,.363,.381,-0.018,.292,.301,-0.009,2.60,3.67,-1.07
Kluber, Corey,446372,2021,220,139,.214,.223,-0.009,.323,.361,-0.038,.283,.301,-0.018,3.04,3.67,-0.63
Ray, Robbie,592662,2021,406,250,.216,.229,-0.013,.422,.423,-0.001,.296,.301,-0.005,3.13,3.67,-0.54
Gray, Jon,592351,2021,363,245,.219,.232,-0.013,.379,.372,0.007,.295,.301,-0.006,3.77,3.67,0.10
Stammen, Craig,489334,2021,212,150,.229,.243,-0.014,.393,.417,-0.024,.285,.300,-0.015,2.89,3.64,-0.75
Sborz, Josh,622250,2021,146,84,.213,.217,-0.004,.370,.367,0.003,.297,.300,-0.003,4.32,3.64,0.68
Bieber, Shane,669456,2021,383,216,.232,.222,0.010,.383,.387,-0.004,.303,.299,0.004,3.28,3.62,-0.34
Gilbert, Logan,669302,2021,195,128,.208,.230,-0.022,.354,.407,-0.053,.267,.299,-0.032,3.51,3.62,-0.11
Crismatt, Nabil,622503,2021,197,137,.266,.239,0.027,.393,.349,0.044,.326,.298,0.028,3.55,3.59,-0.04
Cobb, Alex,502171,2021,277,179,.239,.252,-0.013,.335,.352,-0.017,.285,.298,-0.013,4.23,3.59,0.64
Maton, Phil,664208,2021,152,81,.238,.206,0.032,.431,.359,0.072,.329,.298,0.031,4.79,3.59,1.20
Feyereisen, J.P.,656420,2021,155,96,.160,.202,-0.042,.260,.340,-0.080,.253,.297,-0.044,2.33,3.56,-1.23
Giolito, Lucas,608337,2021,425,266,.229,.230,-0.001,.424,.391,0.033,.309,.297,0.012,4.15,3.56,0.59
Montero, Rafael,606160,2021,191,137,.294,.241,0.053,.424,.352,0.072,.343,.297,0.046,6.75,3.56,3.19
Petit, Yusmeiro,433589,2021,186,155,.233,.243,-0.010,.352,.415,-0.063,.266,.296,-0.030,3.09,3.54,-0.45
Urquidy, José,664353,2021,303,223,.212,.236,-0.024,.396,.422,-0.026,.277,.296,-0.019,3.38,3.54,-0.16
Eflin, Zach,621107,2021,421,311,.273,.253,0.020,.452,.410,0.042,.321,.296,0.025,3.88,3.54,0.34
Hill, Tim,657612,2021,153,99,.215,.234,-0.019,.370,.388,-0.018,.278,.295,-0.017,2.52,3.51,-0.99
Miley, Wade,489119,2021,396,293,.234,.243,-0.009,.349,.376,-0.027,.280,.295,-0.015,2.80,3.51,-0.71
Márquez, Germán,608566,2021,456,296,.212,.236,-0.024,.316,.351,-0.035,.271,.295,-0.024,3.36,3.51,-0.15
Eovaldi, Nathan,543135,2021,434,310,.262,.252,0.010,.392,.379,0.013,.303,.295,0.008,3.66,3.51,0.15
Lucchesi, Joey,664192,2021,157,102,.245,.222,0.023,.417,.383,0.034,.310,.295,0.015,4.46,3.51,0.95
Rodriguez, Eduardo,593958,2021,385,258,.284,.240,0.044,.468,.394,0.074,.341,.295,0.046,5.52,3.51,2.01
Cimber, Adam,643256,2021,155,115,.230,.251,-0.021,.302,.346,-0.044,.267,.294,-0.027,2.56,3.49,-0.93
Musgrove, Joe,605397,2021,398,248,.189,.229,-0.040,.331,.379,-0.048,.259,.294,-0.035,2.93,3.49,-0.56
Williams, Devin,642207,2021,144,70,.200,.199,0.001,.342,.331,0.011,.300,.294,0.006,2.97,3.49,-0.52
Valdez, Framber,664285,2021,232,155,.239,.235,0.004,.346,.330,0.016,.299,.294,0.005,2.98,3.49,-0.51
Floro, Dylan,571670,2021,159,109,.218,.235,-0.017,.261,.341,-0.080,.258,.294,-0.036,3.00,3.49,-0.49
Gomber, Austin,596295,2021,317,217,.211,.230,-0.019,.353,.395,-0.042,.270,.294,-0.024,3.68,3.49,0.19
Allard, Kolby,663465,2021,259,184,.225,.235,-0.010,.402,.413,-0.011,.288,.294,-0.006,3.69,3.49,0.20
McCullers Jr., Lance,621121,2021,337,202,.196,.212,-0.016,.306,.327,-0.021,.280,.293,-0.013,2.94,3.46,-0.52
Clarke, Taylor,664199,2021,142,101,.256,.240,0.016,.391,.401,-0.010,.297,.293,0.004,3.74,3.46,0.28
Boxberger, Brad,502202,2021,159,88,.185,.207,-0.022,.308,.326,-0.018,.278,.292,-0.014,2.87,3.44,-0.57
Gray, Sonny,543243,2021,265,160,.238,.236,0.002,.381,.351,0.030,.304,.292,0.012,3.19,3.44,-0.25
Sandoval, Patrick,663776,2021,232,147,.225,.218,0.007,.377,.344,0.033,.303,.292,0.011,3.70,3.44,0.26
Neris, Héctor,593576,2021,151,90,.233,.197,0.036,.426,.336,0.090,.333,.292,0.041,4.72,3.44,1.28
Reyes, Alex,621052,2021,176,90,.154,.183,-0.029,.210,.296,-0.086,.251,.291,-0.040,1.52,3.41,-1.89
DeSclafani, Anthony,543101,2021,422,293,.201,.230,-0.029,.314,.383,-0.069,.253,.291,-0.038,2.68,3.41,-0.73
Bassitt, Chris,605135,2021,481,323,.217,.230,-0.013,.348,.368,-0.020,.277,.291,-0.014,3.28,3.41,-0.13
Detwiler, Ross,446321,2021,144,90,.222,.210,0.012,.381,.337,0.044,.297,.291,0.006,4.32,3.41,0.91
Gibson, Kyle,502043,2021,406,284,.210,.236,-0.026,.307,.353,-0.046,.262,.290,-0.028,2.29,3.39,-1.10
López, Pablo,641154,2021,409,266,.227,.229,-0.002,.372,.377,-0.005,.288,.290,-0.002,3.03,3.39,-0.36
Garcia, Luis,677651,2021,347,218,.208,.212,-0.004,.372,.377,-0.005,.284,.290,-0.006,3.06,3.39,-0.33
Matzek, Tyler,554431,2021,142,76,.207,.196,0.011,.302,.300,0.002,.294,.290,0.004,3.31,3.39,-0.08
Suter, Brent,608718,2021,191,131,.253,.233,0.020,.408,.370,0.038,.313,.290,0.023,3.45,3.39,0.06
Fry, Paul,643316,2021,142,77,.210,.222,-0.012,.218,.279,-0.061,.263,.290,-0.027,4.09,3.39,0.70
Holmes, Clay,605280,2021,169,104,.213,.207,0.006,.284,.293,-0.009,.288,.290,-0.002,4.30,3.39,0.91
Kittredge, Andrew,552640,2021,164,108,.180,.232,-0.052,.307,.385,-0.078,.236,.289,-0.053,1.47,3.36,-1.89
Mahle, Tyler,641816,2021,400,240,.220,.218,0.002,.381,.349,0.032,.301,.289,0.012,3.68,3.36,0.32
Minter, A.J.,621345,2021,140,89,.248,.222,0.026,.384,.365,0.019,.306,.289,0.017,4.18,3.36,0.82
Buehler, Walker,621111,2021,443,299,.194,.224,-0.030,.321,.383,-0.062,.251,.287,-0.036,2.36,3.31,-0.95
Springs, Jeffrey,605488,2021,153,86,.217,.214,0.003,.449,.392,0.057,.306,.287,0.019,3.79,3.31,0.48
Whitlock, Garrett,676477,2021,176,117,.228,.242,-0.014,.340,.364,-0.024,.269,.286,-0.017,1.44,3.29,-1.85
Bauer, Trevor,545333,2021,432,255,.182,.196,-0.014,.374,.387,-0.013,.276,.285,-0.009,2.59,3.27,-0.68
Alcantara, Sandy,645261,2021,476,335,.224,.230,-0.006,.342,.352,-0.010,.277,.285,-0.008,3.09,3.27,-0.18
Luetge, Lucas,476595,2021,180,123,.243,.246,-0.003,.402,.369,0.033,.296,.285,0.011,3.35,3.27,0.08
Shaw, Bryan,543766,2021,166,91,.167,.192,-0.025,.290,.279,0.011,.278,.284,-0.006,3.05,3.24,-0.19
Finnegan, Kyle,640448,2021,151,95,.254,.212,0.042,.388,.337,0.051,.320,.284,0.036,3.48,3.24,0.24
Webb, Logan,657277,2021,218,139,.240,.225,0.015,.347,.332,0.015,.295,.284,0.011,3.63,3.24,0.39
Brogdon, Connor,641401,2021,143,100,.234,.228,0.006,.375,.348,0.027,.295,.284,0.011,4.19,3.24,0.95
Rogers, Trevor,669432,2021,407,247,.204,.215,-0.011,.304,.350,-0.046,.260,.283,-0.023,2.31,3.22,-0.91
Barlow, Scott,605130,2021,184,103,.222,.207,0.015,.327,.342,-0.015,.285,.283,0.002,2.95,3.22,-0.27
King, John,667463,2021,193,137,.233,.233,0.000,.330,.344,-0.014,.278,.283,-0.005,3.52,3.22,0.30
Manoah, Alek,666201,2021,168,97,.188,.191,-0.003,.369,.355,0.014,.287,.282,0.005,2.90,3.19,-0.29
Green, Chad,643338,2021,171,113,.179,.208,-0.029,.333,.416,-0.083,.236,.279,-0.043,2.89,3.12,-0.23
Darvish, Yu,506433,2021,419,263,.211,.210,0.001,.383,.368,0.015,.282,.279,0.003,3.09,3.12,-0.03
Turnbull, Spencer,605513,2021,201,140,.203,.212,-0.009,.286,.337,-0.051,.251,.277,-0.026,2.88,3.08,-0.20
Kershaw, Clayton,477132,2021,422,272,.214,.221,-0.007,.360,.377,-0.017,.267,.276,-0.009,3.39,3.06,0.33
Soto, Gregory,642397,2021,156,92,.218,.198,0.020,.323,.290,0.033,.291,.275,0.016,3.00,3.03,-0.03
Ottavino, Adam,493603,2021,159,94,.206,.201,0.005,.257,.267,-0.010,.270,.273,-0.003,2.68,2.99,-0.31
Cishek, Steve,518553,2021,182,118,.224,.198,0.026,.270,.272,-0.002,.273,.272,0.001,2.88,2.96,-0.08
Smith, Will,519293,2021,152,91,.212,.201,0.011,.365,.341,0.024,.285,.272,0.013,3.68,2.96,0.72
Karinchak, James,675916,2021,160,69,.132,.164,-0.032,.287,.306,-0.019,.249,.270,-0.021,2.52,2.92,-0.40
Scherzer, Max,453286,2021,377,214,.185,.192,-0.007,.350,.369,-0.019,.262,.270,-0.008,2.66,2.92,-0.26
Lynn, Lance,458681,2021,368,230,.189,.200,-0.011,.303,.345,-0.042,.248,.269,-0.021,1.99,2.90,-0.91
Tepera, Ryan,572193,2021,147,92,.146,.180,-0.034,.254,.311,-0.057,.217,.269,-0.052,3.29,2.90,0.39
McGee, Jake,459429,2021,144,95,.185,.207,-0.022,.333,.385,-0.052,.242,.268,-0.026,2.72,2.88,-0.16
Gallegos, Giovanny,606149,2021,169,102,.144,.200,-0.056,.248,.353,-0.105,.203,.264,-0.061,2.72,2.79,-0.07
Bednar, David,670280,2021,141,87,.211,.196,0.015,.383,.337,0.046,.287,.264,0.023,3.09,2.79,0.30
Díaz, Edwin,621242,2021,148,80,.219,.193,0.026,.266,.291,-0.025,.266,.263,0.003,3.25,2.77,0.48
Gausman, Kevin,592332,2021,436,272,.159,.201,-0.042,.258,.336,-0.078,.214,.262,-0.048,1.73,2.75,-1.02
Cole, Gerrit,543037,2021,439,269,.203,.204,-0.001,.341,.360,-0.019,.255,.262,-0.007,2.68,2.75,-0.07
Jansen, Kenley,445276,2021,143,78,.129,.172,-0.043,.164,.249,-0.085,.206,.261,-0.055,1.24,2.72,-1.48
Glasnow, Tyler,607192,2021,340,190,.176,.190,-0.014,.319,.343,-0.024,.248,.261,-0.013,2.66,2.72,-0.06
Woodruff, Brandon,605540,2021,432,274,.171,.209,-0.038,.266,.315,-0.049,.221,.257,-0.036,2.06,2.64,-0.58
Rogers, Taylor,573124,2021,154,92,.239,.215,0.024,.373,.341,0.032,.276,.255,0.021,3.35,2.60,0.75
Rogers, Tyler,643511,2021,171,137,.233,.234,-0.001,.289,.282,0.007,.254,.253,0.001,1.47,2.56,-1.09
Clase, Emmanuel,661403,2021,160,105,.228,.217,0.011,.269,.288,-0.019,.250,.253,-0.003,1.72,2.56,-0.84
Peralta, Freddy,642547,2021,385,201,.131,.157,-0.026,.266,.282,-0.016,.234,.251,-0.017,2.39,2.52,-0.13
Rodón, Carlos,607074,2021,360,197,.186,.182,0.004,.288,.299,-0.011,.243,.248,-0.005,2.31,2.46,-0.15
Wheeler, Zack,554430,2021,471,296,.206,.201,0.005,.291,.296,-0.005,.243,.243,0.000,2.26,2.36,-0.10
Treinen, Blake,595014,2021,151,97,.225,.201,0.024,.312,.278,0.034,.264,.242,0.022,2.70,2.34,0.36
Pressly, Ryan,519151,2021,141,88,.184,.201,-0.017,.228,.328,-0.100,.194,.241,-0.047,1.42,2.32,-0.90
Chafin, Andrew,605177,2021,140,93,.141,.184,-0.043,.203,.281,-0.078,.191,.238,-0.047,1.42,2.27,-0.85
Iglesias, Raisel,628452,2021,160,89,.193,.174,0.019,.393,.336,0.057,.268,.237,0.031,3.46,2.25,1.21
Hendriks, Liam,521230,2021,152,83,.178,.175,0.003,.349,.358,-0.009,.234,.234,-0.000,2.75,2.19,0.56
Loaisiga, Jonathan,642528,2021,183,124,.210,.179,0.031,.275,.249,0.026,.244,.222,0.022,2.11,1.98,0.13
McHugh, Collin,543521,2021,143,81,.201,.185,0.016,.276,.272,0.004,.230,.220,0.010,1.67,1.94,-0.27
Barnes, Matt,598264,2021,143,69,.174,.155,0.019,.280,.268,0.012,.226,.212,0.014,2.61,1.81,0.80
Burnes, Corbin,669203,2021,345,197,.201,.172,0.029,.282,.247,0.035,.235,.210,0.025,2.36,1.78,0.58
deGrom, Jacob,594798,2021,324,166,.126,.146,-0.020,.239,.254,-0.015,.172,.192,-0.020,1.08,1.50,-0.42